{
  "files": [
    {
      "fileName": "./../../s/OSS_Microsoft_OpenSSH_Dev/contrib/win32/openssh/libfido2/_manifest/spdx_2.2/manifest.spdx.json",
      "SPDXID": "SPDXRef-File--..-..-s-OSS-Microsoft-OpenSSH-Dev-contrib-win32-openssh-libfido2--manifest-spdx-2.2-manifest.spdx.json-6CDEDA50F28657B00853B136DA579975F80CE81A",
      "checksums": [
        {
          "algorithm": "SHA256",
          "checksumValue": "f17048fe2b82fb3442d3ffaf920b11934a06fba4305c246f0f0ef8467da91679"
        },
        {
          "algorithm": "SHA1",
          "checksumValue": "6cdeda50f28657b00853b136da579975f80ce81a"
        }
      ],
      "licenseConcluded": "NOASSERTION",
      "licenseInfoInFiles": [
        "NOASSERTION"
      ],
      "copyrightText": "NOASSERTION",
      "fileTypes": [
        "SPDX"
      ]
    },
    {
      "fileName": "./../../s/OSS_Microsoft_OpenSSH_Dev/contrib/win32/openssh/LibreSSL/_manifest/spdx_2.2/manifest.spdx.json",
      "SPDXID": "SPDXRef-File--..-..-s-OSS-Microsoft-OpenSSH-Dev-contrib-win32-openssh-LibreSSL--manifest-spdx-2.2-manifest.spdx.json-6AFDB630ACC3CA577B2F0DBAB4A7C80440BEAD3B",
      "checksums": [
        {
          "algorithm": "SHA256",
          "checksumValue": "8e312ef4c96681868f240c1ba1896cc96ed5ceb4f1d9d7958352dbc7dea4b4e4"
        },
        {
          "algorithm": "SHA1",
          "checksumValue": "6afdb630acc3ca577b2f0dbab4a7c80440bead3b"
        }
      ],
      "licenseConcluded": "NOASSERTION",
      "licenseInfoInFiles": [
        "NOASSERTION"
      ],
      "copyrightText": "NOASSERTION",
      "fileTypes": [
        "SPDX"
      ]
    },
    {
      "fileName": "./../../s/OSS_Microsoft_OpenSSH_Dev/contrib/win32/openssh/ZLib/_manifest/spdx_2.2/manifest.spdx.json",
      "SPDXID": "SPDXRef-File--..-..-s-OSS-Microsoft-OpenSSH-Dev-contrib-win32-openssh-ZLib--manifest-spdx-2.2-manifest.spdx.json-10D5AEA7BB36C61DF540345DA512A4D57FA74AF9",
      "checksums": [
        {
          "algorithm": "SHA256",
          "checksumValue": "8bed9c630f0e9322215708ccb42426c5eda6eb48887b580b45ec55620929cf1e"
        },
        {
          "algorithm": "SHA1",
          "checksumValue": "10d5aea7bb36c61df540345da512a4d57fa74af9"
        }
      ],
      "licenseConcluded": "NOASSERTION",
      "licenseInfoInFiles": [
        "NOASSERTION"
      ],
      "copyrightText": "NOASSERTION",
      "fileTypes": [
        "SPDX"
      ]
    },
    {
      "fileName": "./NOTICE.txt",
      "SPDXID": "SPDXRef-File--NOTICE.txt-0C6BEDA8BE1A704C0C2615D4A481BACA0E56372D",
      "checksums": [
        {
          "algorithm": "SHA256",
          "checksumValue": "2cd5f5d0064bc909dfe0f0fc8f4787882c7c379f2730d89e5faa0c2bc57c620b"
        },
        {
          "algorithm": "SHA1",
          "checksumValue": "0c6beda8be1a704c0c2615d4a481baca0e56372d"
        }
      ],
      "licenseConcluded": "NOASSERTION",
      "licenseInfoInFiles": [
        "NOASSERTION"
      ],
      "copyrightText": "NOASSERTION"
    },
    {
      "fileName": "./ssh-agent.exe",
      "SPDXID": "SPDXRef-File--ssh-agent.exe-116EF7F82BEA3E5ABD85CC7DAB99FAA291FA0781",
      "checksums": [
        {
          "algorithm": "SHA256",
          "checksumValue": "6971b4f306b29676153310c6ac2913e0f500a940eb786a4c00a65e17ba5a3281"
        },
        {
          "algorithm": "SHA1",
          "checksumValue": "116ef7f82bea3e5abd85cc7dab99faa291fa0781"
        }
      ],
      "licenseConcluded": "NOASSERTION",
      "licenseInfoInFiles": [
        "NOASSERTION"
      ],
      "copyrightText": "NOASSERTION"
    },
    {
      "fileName": "./sshd_config_default",
      "SPDXID": "SPDXRef-File--sshd-config-default-825CDEC4CF05869C74B01E7A1C8BF3C5E2C45CD8",
      "checksums": [
        {
          "algorithm": "SHA256",
          "checksumValue": "99f373a06dfa706f0a8a98d655c776850305b4b1ea3bf9a33fa926897bb15649"
        },
        {
          "algorithm": "SHA1",
          "checksumValue": "825cdec4cf05869c74b01e7a1c8bf3c5e2c45cd8"
        }
      ],
      "licenseConcluded": "NOASSERTION",
      "licenseInfoInFiles": [
        "NOASSERTION"
      ],
      "copyrightText": "NOASSERTION"
    },
    {
      "fileName": "./moduli",
      "SPDXID": "SPDXRef-File--moduli-07BBADDD000D6BFC1F3C30A314A5208A5F8B3AEF",
      "checksums": [
        {
          "algorithm": "SHA256",
          "checksumValue": "cc12aebe3fb41a092e53cf41dd05029e5b93f336d67b5f941a6132e5440fdcc8"
        },
        {
          "algorithm": "SHA1",
          "checksumValue": "07bbaddd000d6bfc1f3c30a314a5208a5f8b3aef"
        }
      ],
      "licenseConcluded": "NOASSERTION",
      "licenseInfoInFiles": [
        "NOASSERTION"
      ],
      "copyrightText": "NOASSERTION"
    },
    {
      "fileName": "./ssh-add.exe",
      "SPDXID": "SPDXRef-File--ssh-add.exe-BB82437E2376752151686AB51A2975F2F47B10A6",
      "checksums": [
        {
          "algorithm": "SHA256",
          "checksumValue": "46697710b2cb19528f0748c13b04c75173248a6ac38b3dfd0a4aebc2904e9305"
        },
        {
          "algorithm": "SHA1",
          "checksumValue": "bb82437e2376752151686ab51a2975f2f47b10a6"
        }
      ],
      "licenseConcluded": "NOASSERTION",
      "licenseInfoInFiles": [
        "NOASSERTION"
      ],
      "copyrightText": "NOASSERTION"
    },
    {
      "fileName": "./LICENSE.txt",
      "SPDXID": "SPDXRef-File--LICENSE.txt-A7739A32F1926D71A9EB22D101287ECEA09A6AC5",
      "checksums": [
        {
          "algorithm": "SHA256",
          "checksumValue": "e6a25da96c2fccdc025caad56d99f87851ec3fe814a3cea83f2bc77ffc800681"
        },
        {
          "algorithm": "SHA1",
          "checksumValue": "a7739a32f1926d71a9eb22d101287ecea09a6ac5"
        }
      ],
      "licenseConcluded": "NOASSERTION",
      "licenseInfoInFiles": [
        "NOASSERTION"
      ],
      "copyrightText": "NOASSERTION"
    },
    {
      "fileName": "./sftp.exe",
      "SPDXID": "SPDXRef-File--sftp.exe-5D906BF13C5815A123D6B8663053FAE1C57420E6",
      "checksums": [
        {
          "algorithm": "SHA256",
          "checksumValue": "f28e10e77d6f55973c91230e6b29b2e9fa7061f824804ddbb519a1afaac99627"
        },
        {
          "algorithm": "SHA1",
          "checksumValue": "5d906bf13c5815a123d6b8663053fae1c57420e6"
        }
      ],
      "licenseConcluded": "NOASSERTION",
      "licenseInfoInFiles": [
        "NOASSERTION"
      ],
      "copyrightText": "NOASSERTION"
    },
    {
      "fileName": "./ssh.exe",
      "SPDXID": "SPDXRef-File--ssh.exe-9DBD1D42EEE9CB2D08C98C1233CE709650F99DE0",
      "checksums": [
        {
          "algorithm": "SHA256",
          "checksumValue": "b233cf3d1bd93aa8d4c8bec3b761df864059899af9a4b0305ec8bf35d967ae59"
        },
        {
          "algorithm": "SHA1",
          "checksumValue": "9dbd1d42eee9cb2d08c98c1233ce709650f99de0"
        }
      ],
      "licenseConcluded": "NOASSERTION",
      "licenseInfoInFiles": [
        "NOASSERTION"
      ],
      "copyrightText": "NOASSERTION"
    },
    {
      "fileName": "./FixUserFilePermissions.ps1",
      "SPDXID": "SPDXRef-File--FixUserFilePermissions.ps1-EA8C110B98B80C84C7762BAAA1F9E7D7D89957B8",
      "checksums": [
        {
          "algorithm": "SHA256",
          "checksumValue": "e0fcfb94d25fb9da550fda793a2752a9cb1de2362d68059457f772fb76dee0e2"
        },
        {
          "algorithm": "SHA1",
          "checksumValue": "ea8c110b98b80c84c7762baaa1f9e7d7d89957b8"
        }
      ],
      "licenseConcluded": "NOASSERTION",
      "licenseInfoInFiles": [
        "NOASSERTION"
      ],
      "copyrightText": "NOASSERTION"
    },
    {
      "fileName": "./OpenSSHUtils.psm1",
      "SPDXID": "SPDXRef-File--OpenSSHUtils.psm1-BD2F79730BA35E19CA40159527A76F1A013E54FE",
      "checksums": [
        {
          "algorithm": "SHA256",
          "checksumValue": "e0e1710eed9215f92fa10a0db63da8faa83bef004bf274802aa6701b35731d5b"
        },
        {
          "algorithm": "SHA1",
          "checksumValue": "bd2f79730ba35e19ca40159527a76f1a013e54fe"
        }
      ],
      "licenseConcluded": "NOASSERTION",
      "licenseInfoInFiles": [
        "NOASSERTION"
      ],
      "copyrightText": "NOASSERTION"
    },
    {
      "fileName": "./ssh-pkcs11-helper.exe",
      "SPDXID": "SPDXRef-File--ssh-pkcs11-helper.exe-D2EAEA53F5A4AF2C39276376D3B7094EE237EADA",
      "checksums": [
        {
          "algorithm": "SHA256",
          "checksumValue": "d488e36c947007a4c23dee68381ea9d9bf8e9af825d2df559d5d761a9d8317f5"
        },
        {
          "algorithm": "SHA1",
          "checksumValue": "d2eaea53f5a4af2c39276376d3b7094ee237eada"
        }
      ],
      "licenseConcluded": "NOASSERTION",
      "licenseInfoInFiles": [
        "NOASSERTION"
      ],
      "copyrightText": "NOASSERTION"
    },
    {
      "fileName": "./openssh-events.man",
      "SPDXID": "SPDXRef-File--openssh-events.man-39F0E1C5FDF3F456EEAF9F1A5696A7CA64617F86",
      "checksums": [
        {
          "algorithm": "SHA256",
          "checksumValue": "c36019e53e3045cba2639bf35ed1e2498e3563b272533e53301165c31ab60199"
        },
        {
          "algorithm": "SHA1",
          "checksumValue": "39f0e1c5fdf3f456eeaf9f1a5696a7ca64617f86"
        }
      ],
      "licenseConcluded": "NOASSERTION",
      "licenseInfoInFiles": [
        "NOASSERTION"
      ],
      "copyrightText": "NOASSERTION"
    },
    {
      "fileName": "./ssh-keygen.exe",
      "SPDXID": "SPDXRef-File--ssh-keygen.exe-A38C58D67DB124912DAAC84A829AF29627B755A2",
      "checksums": [
        {
          "algorithm": "SHA256",
          "checksumValue": "bdf2951db6f24274085de41f29c912a273233419948f19fd230c58b5ab07f207"
        },
        {
          "algorithm": "SHA1",
          "checksumValue": "a38c58d67db124912daac84a829af29627b755a2"
        }
      ],
      "licenseConcluded": "NOASSERTION",
      "licenseInfoInFiles": [
        "NOASSERTION"
      ],
      "copyrightText": "NOASSERTION"
    },
    {
      "fileName": "./libcrypto.dll",
      "SPDXID": "SPDXRef-File--libcrypto.dll-51A32F5817989DD0EF373C50BAF52DB120DE2C2F",
      "checksums": [
        {
          "algorithm": "SHA256",
          "checksumValue": "2d889dfdb1fdaed856419aef4b8ad26c2f1a39f19f7071ac4c671ff2b306a989"
        },
        {
          "algorithm": "SHA1",
          "checksumValue": "51a32f5817989dd0ef373c50baf52db120de2c2f"
        }
      ],
      "licenseConcluded": "NOASSERTION",
      "licenseInfoInFiles": [
        "NOASSERTION"
      ],
      "copyrightText": "NOASSERTION"
    },
    {
      "fileName": "./sftp-server.exe",
      "SPDXID": "SPDXRef-File--sftp-server.exe-087C9AC78399D10AA7F6BCEE2D5F1650ACA39331",
      "checksums": [
        {
          "algorithm": "SHA256",
          "checksumValue": "9f75491a8935c01e414b5e6476e97873f026da1098f21bf01660e51e297a330f"
        },
        {
          "algorithm": "SHA1",
          "checksumValue": "087c9ac78399d10aa7f6bcee2d5f1650aca39331"
        }
      ],
      "licenseConcluded": "NOASSERTION",
      "licenseInfoInFiles": [
        "NOASSERTION"
      ],
      "copyrightText": "NOASSERTION"
    },
    {
      "fileName": "./uninstall-sshd.ps1",
      "SPDXID": "SPDXRef-File--uninstall-sshd.ps1-70DD1CBC4CB46F4D45423D142C9F0A7AD651D0B8",
      "checksums": [
        {
          "algorithm": "SHA256",
          "checksumValue": "68b4ec0389fea68a9b0a35f2a189eaa46c43309bea44e89b44795e724fdbd4fa"
        },
        {
          "algorithm": "SHA1",
          "checksumValue": "70dd1cbc4cb46f4d45423d142c9f0a7ad651d0b8"
        }
      ],
      "licenseConcluded": "NOASSERTION",
      "licenseInfoInFiles": [
        "NOASSERTION"
      ],
      "copyrightText": "NOASSERTION"
    },
    {
      "fileName": "./FixHostFilePermissions.ps1",
      "SPDXID": "SPDXRef-File--FixHostFilePermissions.ps1-D3C27DE66600B4A766A0E134B7E67F9401D0C9B8",
      "checksums": [
        {
          "algorithm": "SHA256",
          "checksumValue": "33f5a67a8f3c31d83c99bb10799c015cb2eaa8701af53daa3534a5ae27dc49ce"
        },
        {
          "algorithm": "SHA1",
          "checksumValue": "d3c27de66600b4a766a0e134b7e67f9401d0c9b8"
        }
      ],
      "licenseConcluded": "NOASSERTION",
      "licenseInfoInFiles": [
        "NOASSERTION"
      ],
      "copyrightText": "NOASSERTION"
    },
    {
      "fileName": "./sshd.exe",
      "SPDXID": "SPDXRef-File--sshd.exe-271B88E1CA0052D9B0DF46CFDE7B730F7803E2A9",
      "checksums": [
        {
          "algorithm": "SHA256",
          "checksumValue": "de88a605eeddfdf814c89f64d18dd66698760117c4f487f7578f6cbfeace343b"
        },
        {
          "algorithm": "SHA1",
          "checksumValue": "271b88e1ca0052d9b0df46cfde7b730f7803e2a9"
        }
      ],
      "licenseConcluded": "NOASSERTION",
      "licenseInfoInFiles": [
        "NOASSERTION"
      ],
      "copyrightText": "NOASSERTION"
    },
    {
      "fileName": "./OpenSSHUtils.psd1",
      "SPDXID": "SPDXRef-File--OpenSSHUtils.psd1-C1E48BE4D1554D27D5720AC0D63BB016A8E0656F",
      "checksums": [
        {
          "algorithm": "SHA256",
          "checksumValue": "a9b934278c8993198033a74220527fb7bca7d59ef0c8ab4fb405a1901842a664"
        },
        {
          "algorithm": "SHA1",
          "checksumValue": "c1e48be4d1554d27d5720ac0d63bb016a8e0656f"
        }
      ],
      "licenseConcluded": "NOASSERTION",
      "licenseInfoInFiles": [
        "NOASSERTION"
      ],
      "copyrightText": "NOASSERTION"
    },
    {
      "fileName": "./install-sshd.ps1",
      "SPDXID": "SPDXRef-File--install-sshd.ps1-CBDB26042423349D911F5434DAF2D5AE72BF0BB1",
      "checksums": [
        {
          "algorithm": "SHA256",
          "checksumValue": "5d96c8144461a9959437ef06f0dfbe27e630d83697127b3e3d712ad70b9919a4"
        },
        {
          "algorithm": "SHA1",
          "checksumValue": "cbdb26042423349d911f5434daf2d5ae72bf0bb1"
        }
      ],
      "licenseConcluded": "NOASSERTION",
      "licenseInfoInFiles": [
        "NOASSERTION"
      ],
      "copyrightText": "NOASSERTION"
    },
    {
      "fileName": "./ssh-sk-helper.exe",
      "SPDXID": "SPDXRef-File--ssh-sk-helper.exe-D17AA959045203CDFE3BA60B232B189A68FD3FB3",
      "checksums": [
        {
          "algorithm": "SHA256",
          "checksumValue": "b56a1670eb915dd09697aad4e48af2b689e00413dfa4776d522fb5327b85450e"
        },
        {
          "algorithm": "SHA1",
          "checksumValue": "d17aa959045203cdfe3ba60b232b189a68fd3fb3"
        }
      ],
      "licenseConcluded": "NOASSERTION",
      "licenseInfoInFiles": [
        "NOASSERTION"
      ],
      "copyrightText": "NOASSERTION"
    },
    {
      "fileName": "./scp.exe",
      "SPDXID": "SPDXRef-File--scp.exe-7ADA39ABCBEE5C79B3240030751C625900876FD5",
      "checksums": [
        {
          "algorithm": "SHA256",
          "checksumValue": "c773c0fd24031ce633624f5a476dd8edb02e58ae9159f4341fc4e98292cc000b"
        },
        {
          "algorithm": "SHA1",
          "checksumValue": "7ada39abcbee5c79b3240030751c625900876fd5"
        }
      ],
      "licenseConcluded": "NOASSERTION",
      "licenseInfoInFiles": [
        "NOASSERTION"
      ],
      "copyrightText": "NOASSERTION"
    },
    {
      "fileName": "./ssh-keyscan.exe",
      "SPDXID": "SPDXRef-File--ssh-keyscan.exe-4F33E2625B4DD99B9AC03E1955A91FFE2F86BB22",
      "checksums": [
        {
          "algorithm": "SHA256",
          "checksumValue": "f32ee648e575fb4e32674ebab3188006c30aacb0619cb287ac09e92bf92498b4"
        },
        {
          "algorithm": "SHA1",
          "checksumValue": "4f33e2625b4dd99b9ac03e1955a91ffe2f86bb22"
        }
      ],
      "licenseConcluded": "NOASSERTION",
      "licenseInfoInFiles": [
        "NOASSERTION"
      ],
      "copyrightText": "NOASSERTION"
    },
    {
      "fileName": "./ssh-shellhost.exe",
      "SPDXID": "SPDXRef-File--ssh-shellhost.exe-35E5055107D615C61BAF9BD337C06D6C2CE3B599",
      "checksums": [
        {
          "algorithm": "SHA256",
          "checksumValue": "82d8f5437e1e758005a5748232594f27914baba248ba1170e7c44ad29ebd98f9"
        },
        {
          "algorithm": "SHA1",
          "checksumValue": "35e5055107d615c61baf9bd337c06d6c2ce3b599"
        }
      ],
      "licenseConcluded": "NOASSERTION",
      "licenseInfoInFiles": [
        "NOASSERTION"
      ],
      "copyrightText": "NOASSERTION"
    }
  ],
  "packages": [
    {
      "name": "libfido2",
      "SPDXID": "SPDXRef-Package-F63F25FDE81D1022980E34CC310C72D38C9CBC90844731304A8FB98D9E0990E1",
      "downloadLocation": "https://github.com/Yubico/libfido2",
      "filesAnalyzed": false,
      "licenseConcluded": "NOASSERTION",
      "licenseDeclared": "NOASSERTION",
      "copyrightText": "NOASSERTION",
      "versionInfo": "1.13.0",
      "supplier": "NOASSERTION"
    },
    {
      "name": "powershell_libcbor",
      "SPDXID": "SPDXRef-Package-0633FC36A057DF0C87EED52E5DEDF9B329FB7D81AAA4F276018A43EA45B452BD",
      "downloadLocation": "https://github.com/PowerShell/libcbor",
      "filesAnalyzed": false,
      "licenseConcluded": "NOASSERTION",
      "licenseDeclared": "NOASSERTION",
      "copyrightText": "NOASSERTION",
      "versionInfo": "0.10.1",
      "supplier": "NOASSERTION"
    },
    {
      "name": "powershell_libfido2",
      "SPDXID": "SPDXRef-Package-F9A6ED6B8745E751FA3E761A1089EA8B0BE70D1EEF9D3460589B3BD062C5E186",
      "downloadLocation": "https://github.com/PowerShell/libfido2/archive/refs/tags/1.13.0.zip",
      "filesAnalyzed": false,
      "licenseConcluded": "NOASSERTION",
      "licenseDeclared": "NOASSERTION",
      "copyrightText": "NOASSERTION",
      "versionInfo": "1.13.0",
      "supplier": "NOASSERTION"
    },
    {
      "name": "powershell_libressl",
      "SPDXID": "SPDXRef-Package-675777F262DFFAC40261F2FDEAED7B3BB751FBBB7A5E4672BB9C57F9B2A36404",
      "downloadLocation": "https://github.com/PowerShell/LibreSSL/releases/tag/V3.7.3.0.zip",
      "filesAnalyzed": false,
      "licenseConcluded": "NOASSERTION",
      "licenseDeclared": "NOASSERTION",
      "copyrightText": "NOASSERTION",
      "versionInfo": "3.7.3.0",
      "supplier": "NOASSERTION"
    },
    {
      "name": "libressl",
      "SPDXID": "SPDXRef-Package-F53EA782EEAC56BEC105CE190C5FCF8E3E8F415AAA5850467ADF9A1B3062FB24",
      "downloadLocation": "https://www.libressl.org/",
      "filesAnalyzed": false,
      "licenseConcluded": "NOASSERTION",
      "licenseDeclared": "NOASSERTION",
      "copyrightText": "NOASSERTION",
      "versionInfo": "3.7.3.0",
      "supplier": "NOASSERTION"
    },
    {
      "name": "zlib",
      "SPDXID": "SPDXRef-Package-E1D6D1090EC004EF8E5ACE051FE39067A45BFF860C462BE7D8FC326764DFF027",
      "downloadLocation": "http://zlib.net/",
      "filesAnalyzed": false,
      "licenseConcluded": "NOASSERTION",
      "licenseDeclared": "NOASSERTION",
      "copyrightText": "NOASSERTION",
      "versionInfo": "1.3",
      "supplier": "NOASSERTION"
    },
    {
      "name": "libcbor",
      "SPDXID": "SPDXRef-Package-E17DDC71403E9F2B1007C3A60AE26F724C7E742A1D6D5FBE9816B0532D7F73B9",
      "downloadLocation": "https://github.com/PJK/libcbor",
      "filesAnalyzed": false,
      "licenseConcluded": "NOASSERTION",
      "licenseDeclared": "NOASSERTION",
      "copyrightText": "NOASSERTION",
      "versionInfo": "0.10.1",
      "supplier": "NOASSERTION"
    },
    {
      "name": "Microsoft.Telemetry.Inbox.Native",
      "SPDXID": "SPDXRef-Package-0E13AAD00D3394DF297FCA773EC1B0EDEF66F936E6C99311CBC4763108E2033B",
      "downloadLocation": "NOASSERTION",
      "filesAnalyzed": false,
      "licenseConcluded": "NOASSERTION",
      "licenseDeclared": "NOASSERTION",
      "copyrightText": "NOASSERTION",
      "versionInfo": "10.0.18362.1-190318-1202.19h1-release.amd64fre",
      "externalRefs": [
        {
          "referenceCategory": "PACKAGE-MANAGER",
          "referenceType": "purl",
          "referenceLocator": "pkg:nuget/Microsoft.Telemetry.Inbox.Native@10.0.18362.1-190318-1202.19h1-release.amd64fre"
        }
      ],
      "supplier": "NOASSERTION"
    },
    {
      "name": "powershell_zlib",
      "SPDXID": "SPDXRef-Package-8E19BEDF1EF380B338DB20F1048FF763D0578C185910D40C62204AFA51D29532",
      "downloadLocation": "https://github.com/PowerShell/ZLib/releases/tag/V1.3.zip",
      "filesAnalyzed": false,
      "licenseConcluded": "NOASSERTION",
      "licenseDeclared": "NOASSERTION",
      "copyrightText": "NOASSERTION",
      "versionInfo": "1.3",
      "supplier": "NOASSERTION"
    },
    {
      "name": "OpenSSH",
      "SPDXID": "SPDXRef-RootPackage",
      "downloadLocation": "NOASSERTION",
      "packageVerificationCode": {
        "packageVerificationCodeValue": "6ab50fb0ab5b8505a6184a44e03efcb9d7aade89"
      },
      "filesAnalyzed": true,
      "licenseConcluded": "NOASSERTION",
      "licenseInfoFromFiles": [
        "NOASSERTION"
      ],
      "licenseDeclared": "NOASSERTION",
      "copyrightText": "NOASSERTION",
      "versionInfo": "v9.4.0.0",
      "externalRefs": [
        {
          "referenceCategory": "PACKAGE-MANAGER",
          "referenceType": "purl",
          "referenceLocator": "pkg:swid/Microsoft/sbom.microsoft/OpenSSH@v9.4.0.0?tag_id=d27fa51e-1aff-4690-8168-55082ff57882"
        }
      ],
      "supplier": "Organization: Microsoft",
      "hasFiles": [
        "SPDXRef-File--ssh-shellhost.exe-35E5055107D615C61BAF9BD337C06D6C2CE3B599",
        "SPDXRef-File--ssh-keyscan.exe-4F33E2625B4DD99B9AC03E1955A91FFE2F86BB22",
        "SPDXRef-File--scp.exe-7ADA39ABCBEE5C79B3240030751C625900876FD5",
        "SPDXRef-File--ssh-sk-helper.exe-D17AA959045203CDFE3BA60B232B189A68FD3FB3",
        "SPDXRef-File--OpenSSHUtils.psd1-C1E48BE4D1554D27D5720AC0D63BB016A8E0656F",
        "SPDXRef-File--sshd.exe-271B88E1CA0052D9B0DF46CFDE7B730F7803E2A9",
        "SPDXRef-File--FixHostFilePermissions.ps1-D3C27DE66600B4A766A0E134B7E67F9401D0C9B8",
        "SPDXRef-File--uninstall-sshd.ps1-70DD1CBC4CB46F4D45423D142C9F0A7AD651D0B8",
        "SPDXRef-File--install-sshd.ps1-CBDB26042423349D911F5434DAF2D5AE72BF0BB1",
        "SPDXRef-File--sftp-server.exe-087C9AC78399D10AA7F6BCEE2D5F1650ACA39331",
        "SPDXRef-File--libcrypto.dll-51A32F5817989DD0EF373C50BAF52DB120DE2C2F",
        "SPDXRef-File--ssh-keygen.exe-A38C58D67DB124912DAAC84A829AF29627B755A2",
        "SPDXRef-File--openssh-events.man-39F0E1C5FDF3F456EEAF9F1A5696A7CA64617F86",
        "SPDXRef-File--ssh-pkcs11-helper.exe-D2EAEA53F5A4AF2C39276376D3B7094EE237EADA",
        "SPDXRef-File--OpenSSHUtils.psm1-BD2F79730BA35E19CA40159527A76F1A013E54FE",
        "SPDXRef-File--FixUserFilePermissions.ps1-EA8C110B98B80C84C7762BAAA1F9E7D7D89957B8",
        "SPDXRef-File--ssh.exe-9DBD1D42EEE9CB2D08C98C1233CE709650F99DE0",
        "SPDXRef-File--sftp.exe-5D906BF13C5815A123D6B8663053FAE1C57420E6",
        "SPDXRef-File--LICENSE.txt-A7739A32F1926D71A9EB22D101287ECEA09A6AC5",
        "SPDXRef-File--ssh-add.exe-BB82437E2376752151686AB51A2975F2F47B10A6",
        "SPDXRef-File--moduli-07BBADDD000D6BFC1F3C30A314A5208A5F8B3AEF",
        "SPDXRef-File--sshd-config-default-825CDEC4CF05869C74B01E7A1C8BF3C5E2C45CD8",
        "SPDXRef-File--ssh-agent.exe-116EF7F82BEA3E5ABD85CC7DAB99FAA291FA0781",
        "SPDXRef-File--NOTICE.txt-0C6BEDA8BE1A704C0C2615D4A481BACA0E56372D"
      ]
    }
  ],
  "externalDocumentRefs": [
    {
      "externalDocumentId": "DocumentRef-LibreSSL-3.7.3-6afdb630acc3ca577b2f0dbab4a7c80440bead3b",
      "spdxDocument": "https://sbom.microsoft/1:2QSF7qZlbE-F7QrUJlEo7g:Ifmy0CRpKEe0S33n1Rdb-w/1750:411976/LibreSSL:3.7.3:S-nplgm4JUGKKIYNREyqAw",
      "checksum": {
        "algorithm": "SHA1",
        "checksumValue": "6afdb630acc3ca577b2f0dbab4a7c80440bead3b"
      }
    },
    {
      "externalDocumentId": "DocumentRef-ZLib-1.3-10d5aea7bb36c61df540345da512a4d57fa74af9",
      "spdxDocument": "https://sbom.microsoft/1:2QSF7qZlbE-F7QrUJlEo7g:Ifmy0CRpKEe0S33n1Rdb-w/1748:413139/ZLib:1.3:XnDuXVPVnkyk8MZjFbu7Sg",
      "checksum": {
        "algorithm": "SHA1",
        "checksumValue": "10d5aea7bb36c61df540345da512a4d57fa74af9"
      }
    },
    {
      "externalDocumentId": "DocumentRef-libfido2-1.9.0-6cdeda50f28657b00853b136da579975f80ce81a",
      "spdxDocument": "https://sbom.microsoft/1:2QSF7qZlbE-F7QrUJlEo7g:Ifmy0CRpKEe0S33n1Rdb-w/1853:413152/libfido2:1.9.0:CzpR4Cs-xkeFHlKIxxWlkQ",
      "checksum": {
        "algorithm": "SHA1",
        "checksumValue": "6cdeda50f28657b00853b136da579975f80ce81a"
      }
    }
  ],
  "relationships": [
    {
      "relationshipType": "DEPENDS_ON",
      "relatedSpdxElement": "SPDXRef-Package-8E19BEDF1EF380B338DB20F1048FF763D0578C185910D40C62204AFA51D29532",
      "spdxElementId": "SPDXRef-RootPackage"
    },
    {
      "relationshipType": "PREREQUISITE_FOR",
      "relatedSpdxElement": "DocumentRef-libfido2-1.9.0-6cdeda50f28657b00853b136da579975f80ce81a:SPDXRef-RootPackage",
      "spdxElementId": "SPDXRef-RootPackage"
    },
    {
      "relationshipType": "DESCRIBES",
      "relatedSpdxElement": "SPDXRef-RootPackage",
      "spdxElementId": "SPDXRef-DOCUMENT"
    },
    {
      "relationshipType": "PREREQUISITE_FOR",
      "relatedSpdxElement": "DocumentRef-LibreSSL-3.7.3-6afdb630acc3ca577b2f0dbab4a7c80440bead3b:SPDXRef-RootPackage",
      "spdxElementId": "SPDXRef-RootPackage"
    },
    {
      "relationshipType": "DESCRIBED_BY",
      "relatedSpdxElement": "SPDXRef-DOCUMENT",
      "spdxElementId": "SPDXRef-File--..-..-s-OSS-Microsoft-OpenSSH-Dev-contrib-win32-openssh-libfido2--manifest-spdx-2.2-manifest.spdx.json-6CDEDA50F28657B00853B136DA579975F80CE81A"
    },
    {
      "relationshipType": "DEPENDS_ON",
      "relatedSpdxElement": "SPDXRef-Package-0E13AAD00D3394DF297FCA773EC1B0EDEF66F936E6C99311CBC4763108E2033B",
      "spdxElementId": "SPDXRef-RootPackage"
    },
    {
      "relationshipType": "PREREQUISITE_FOR",
      "relatedSpdxElement": "DocumentRef-ZLib-1.3-10d5aea7bb36c61df540345da512a4d57fa74af9:SPDXRef-RootPackage",
      "spdxElementId": "SPDXRef-RootPackage"
    },
    {
      "relationshipType": "DEPENDS_ON",
      "relatedSpdxElement": "SPDXRef-Package-E1D6D1090EC004EF8E5ACE051FE39067A45BFF860C462BE7D8FC326764DFF027",
      "spdxElementId": "SPDXRef-RootPackage"
    },
    {
      "relationshipType": "DEPENDS_ON",
      "relatedSpdxElement": "SPDXRef-Package-F53EA782EEAC56BEC105CE190C5FCF8E3E8F415AAA5850467ADF9A1B3062FB24",
      "spdxElementId": "SPDXRef-RootPackage"
    },
    {
      "relationshipType": "DEPENDS_ON",
      "relatedSpdxElement": "SPDXRef-Package-675777F262DFFAC40261F2FDEAED7B3BB751FBBB7A5E4672BB9C57F9B2A36404",
      "spdxElementId": "SPDXRef-RootPackage"
    },
    {
      "relationshipType": "DESCRIBED_BY",
      "relatedSpdxElement": "SPDXRef-DOCUMENT",
      "spdxElementId": "SPDXRef-File--..-..-s-OSS-Microsoft-OpenSSH-Dev-contrib-win32-openssh-LibreSSL--manifest-spdx-2.2-manifest.spdx.json-6AFDB630ACC3CA577B2F0DBAB4A7C80440BEAD3B"
    },
    {
      "relationshipType": "DEPENDS_ON",
      "relatedSpdxElement": "SPDXRef-Package-F9A6ED6B8745E751FA3E761A1089EA8B0BE70D1EEF9D3460589B3BD062C5E186",
      "spdxElementId": "SPDXRef-RootPackage"
    },
    {
      "relationshipType": "DEPENDS_ON",
      "relatedSpdxElement": "SPDXRef-Package-E17DDC71403E9F2B1007C3A60AE26F724C7E742A1D6D5FBE9816B0532D7F73B9",
      "spdxElementId": "SPDXRef-RootPackage"
    },
    {
      "relationshipType": "DEPENDS_ON",
      "relatedSpdxElement": "SPDXRef-Package-F63F25FDE81D1022980E34CC310C72D38C9CBC90844731304A8FB98D9E0990E1",
      "spdxElementId": "SPDXRef-RootPackage"
    },
    {
      "relationshipType": "DESCRIBED_BY",
      "relatedSpdxElement": "SPDXRef-DOCUMENT",
      "spdxElementId": "SPDXRef-File--..-..-s-OSS-Microsoft-OpenSSH-Dev-contrib-win32-openssh-ZLib--manifest-spdx-2.2-manifest.spdx.json-10D5AEA7BB36C61DF540345DA512A4D57FA74AF9"
    },
    {
      "relationshipType": "DEPENDS_ON",
      "relatedSpdxElement": "SPDXRef-Package-0633FC36A057DF0C87EED52E5DEDF9B329FB7D81AAA4F276018A43EA45B452BD",
      "spdxElementId": "SPDXRef-RootPackage"
    }
  ],
  "spdxVersion": "SPDX-2.2",
  "dataLicense": "CC0-1.0",
  "SPDXID": "SPDXRef-DOCUMENT",
  "name": "OpenSSH v9.4.0.0",
  "documentNamespace": "https://sbom.microsoft/1:2QSF7qZlbE-F7QrUJlEo7g:Ifmy0CRpKEe0S33n1Rdb-w/1908:414067/OpenSSH:v9.4.0.0:khSBoIyr8kqOeMZCMiq-TA",
  "creationInfo": {
    "created": "2023-10-04T17:38:47Z",
    "creators": [
      "Organization: Microsoft",
      "Tool: Microsoft.SBOMTool-1.7.0"
    ]
  },
  "documentDescribes": [
    "SPDXRef-RootPackage"
  ]
}